Comment,Designator,Footprint,LCSC
22pF,"C1,C2",Capacitors_SMD:C_0805_HandSoldering,C1804
10uF,C3,Capacitors_SMD:C_0805_HandSoldering,C15850
1uF,C4,Capacitors_SMD:C_0805_HandSoldering,C28323
1uF,C5,Capacitors_SMD:C_0805_HandSoldering,C28323
0.1uF,"C6,C7,C8,C9",Capacitors_SMD:C_0805_HandSoldering,C28233
D,"D1,D2,D3,D4,D5,D6,D7,D8,D9,D10,D11,D12,D13,D14,D15,D16,D17,D18,D19,D20,D21,D22,D23,D24,D25,D26,D27,D28,D29,D30,D31,D32,D33,D34,D35,D36,D37,D38,D39,D40,D41,D42,D43,D44,D45,D46,D47,D48,D49,D50,D51,D52,D53,D54,D55,D56,D57,D58,D59,D60,D61,D62,D63,D64,D65,D66,D67",Diodes_SMD:D_SOD-123,C81598
MountingHole,"H1,H2,H3,H4,H5,H6,H7,H8",Mounting_Holes:MountingHole_2.2mm_M2_Pad,
PF6,J10,Pin_Headers:Pin_Header_Straight_1x01_Pitch2.54mm,
PF7,J11,Pin_Headers:Pin_Header_Straight_1x01_Pitch2.54mm,
D+,J13,Pin_Headers:Pin_Header_Straight_1x01_Pitch2.54mm,
D-,J14,Pin_Headers:Pin_Header_Straight_1x01_Pitch2.54mm,
MISO,J2,Pin_Headers:Pin_Header_Straight_1x01_Pitch2.54mm,
VCC,"J3,J12",Pin_Headers:Pin_Header_Straight_1x01_Pitch2.54mm,
SCK,J4,Pin_Headers:Pin_Header_Straight_1x01_Pitch2.54mm,
MOSI,J5,Pin_Headers:Pin_Header_Straight_1x01_Pitch2.54mm,
RES,J6,Pin_Headers:Pin_Header_Straight_1x01_Pitch2.54mm,
GND,"J7,J15",Pin_Headers:Pin_Header_Straight_1x01_Pitch2.54mm,
PF4,J8,Pin_Headers:Pin_Header_Straight_1x01_Pitch2.54mm,
PF5,J9,Pin_Headers:Pin_Header_Straight_1x01_Pitch2.54mm,
22,"R1,R2",Resistors_SMD:R_0805_HandSoldering,C17561
10K,"R3,R4",Resistors_SMD:R_0805_HandSoldering,C17414
5k1,"R5,R6",Resistor_SMD:R_0805_2012Metric_Pad1.15x1.40mm_HandSolder,C27834
SW_Push,"SW1,SW6,SW7,SW8,SW9,SW10,SW11,SW12,SW13,SW15,SW16,SW17,SW18,SW19,SW20,SW21,SW22,SW24,SW25,SW26,SW27,SW28,SW29,SW30,SW31,SW32,SW33,SW34,SW35,SW36,SW38,SW39,SW40,SW41,SW42,SW43,SW44,SW45,SW47,SW48,SW49,SW50,SW51,SW52,SW53,SW55,SW56,SW58,SW59,SW61,SW62,SW63,SW64,SW65,SW66,SW67",Fate_Parts:SW_Cherry_MX_1.00u_PCB,
SW_Push,"SW2,SW5,SW14,SW46,SW60",Fate_Parts:SW_Cherry_MX_1.50u_PCB,
SW_Push,SW23,Fate_Parts:SW_Cherry_MX_2.00u_PCB_ReversedStabilizers,
SW_Push,"SW3,SW54",Fate_Parts:SW_Cherry_MX_1.75u_PCB,
SW_Push,SW37,Fate_Parts:SW_Cherry_MX_2.75u_PCB_ReversedStabilizers,
SW_Push,SW3CL1,FateParts-MXSwitch:SW_Cherry_MX_1.25u_PCB,
SW_Push,SW4,Fate_Parts:SW_Cherry_MX_2.25u_PCB,
SW_Push,SW57,Fate_Parts:SW_Cherry_MX_2.25u_PCB_ReversedStabilizers,
SW_Push,SW59B1,FateParts-MXSwitch:SW_Cherry_MX_2.00u_PCB,
SW_Push,SWR1,Buttons_Switches_SMD:SW_SPST_TL3342,C318884
USBLC6-2SC6,U1,TO_SOT_Packages_SMD:SOT-23-6_Handsoldering,C7519
ATmega32U4-AU,U2,Housings_QFP:TQFP-44_10x10mm_Pitch0.8mm,C44854
USB_C_Receptacle_HRO_TYPE-C-31-M-12,USB1,USB_Type-C:USB_C_Receptacle_HRO_TYPE-C-31-M-12,
Crystal_GND24,Y1,Crystals:Crystal_SMD_SeikoEpson_FA238-4pin_3.2x2.5mm_HandSoldering,C89371
